id,sequence,match_chrm,match_position,match_strand,match_distance,specificity
chr21:20998569:-,GCAGGTAGAAGGAGAGGAGGNGG,chr21,20998569,-,0,0.198899
chr21:20998569:-,GCAGGTAGAAGGAGAGGAGGNGG,chr21,44414006,-,3,0.198899
chr21:20998569:-,GCAGGTAGAAGGAGAGGAGGNGG,chr21,29025028,+,3,0.198899
chr21:20998569:-,GCAGGTAGAAGGAGAGGAGGNGG,chr21,22407701,+,3,0.198899
chr21:20998569:-,GCAGGTAGAAGGAGAGGAGGNGG,chr21,27573830,+,3,0.198899
chr21:20998569:-,GCAGGTAGAAGGAGAGGAGGNGG,chr21,33216052,-,4,0.198899
chr21:20998569:-,GCAGGTAGAAGGAGAGGAGGNGG,chr21,45489891,-,4,0.198899
chr21:20998569:-,GCAGGTAGAAGGAGAGGAGGNGG,chr21,33128727,-,4,0.198899
chr21:20998569:-,GCAGGTAGAAGGAGAGGAGGNGG,chr21,44907319,-,4,0.198899
chr21:20998569:-,GCAGGTAGAAGGAGAGGAGGNGG,chr21,45816483,-,4,0.198899
chr21:20998569:-,GCAGGTAGAAGGAGAGGAGGNGG,chr21,17965449,-,4,0.198899
chr21:20998569:-,GCAGGTAGAAGGAGAGGAGGNGG,chr21,27248155,-,4,0.198899
chr21:20998569:-,GCAGGTAGAAGGAGAGGAGGNGG,chr21,46065418,-,4,0.198899
chr21:20998569:-,GCAGGTAGAAGGAGAGGAGGNGG,chr21,16748140,-,4,0.198899
chr21:20998569:-,GCAGGTAGAAGGAGAGGAGGNGG,chr21,42090231,+,4,0.198899
chr21:20998569:-,GCAGGTAGAAGGAGAGGAGGNGG,chr21,39657036,+,4,0.198899
chr21:20998569:-,GCAGGTAGAAGGAGAGGAGGNGG,chr21,40931789,+,4,0.198899
chr21:20998569:-,GCAGGTAGAAGGAGAGGAGGNGG,chr21,44721719,+,4,0.198899
chr21:20998569:-,GCAGGTAGAAGGAGAGGAGGNGG,chr21,36551952,+,4,0.198899
chr21:20998569:-,GCAGGTAGAAGGAGAGGAGGNGG,chr21,19655513,+,4,0.198899
chr21:20998569:-,GCAGGTAGAAGGAGAGGAGGNGG,chr21,35561935,+,4,0.198899
chr21:20998557:-,AGAGGAGGAGGCTCATGTTCNGG,chr21,20998557,-,0,0.946437
chr21:20998557:-,AGAGGAGGAGGCTCATGTTCNGG,chr21,37992734,+,4,0.946437
chr21:20998557:-,AGAGGAGGAGGCTCATGTTCNGG,chr21,21427839,+,4,0.946437
chr21:20998572:-,CCAGCAGGTAGAAGGAGAGGNGG,chr21,20998572,-,0,0.359241
chr21:20998572:-,CCAGCAGGTAGAAGGAGAGGNGG,chr21,31023439,-,4,0.359241
chr21:20998572:-,CCAGCAGGTAGAAGGAGAGGNGG,chr21,43297900,-,4,0.359241
chr21:20998572:-,CCAGCAGGTAGAAGGAGAGGNGG,chr21,40850633,-,4,0.359241
chr21:20998572:-,CCAGCAGGTAGAAGGAGAGGNGG,chr21,43306001,-,4,0.359241
chr21:20998572:-,CCAGCAGGTAGAAGGAGAGGNGG,chr21,34225315,+,4,0.359241
chr21:20998572:-,CCAGCAGGTAGAAGGAGAGGNGG,chr21,40931786,+,4,0.359241
chr21:20998572:+,CCTCCTCTCCTTCTACCTGCNGG,chr21,20998572,+,0,0.648269
chr21:20998572:+,CCTCCTCTCCTTCTACCTGCNGG,chr21,40850633,+,3,0.648269
chr21:20998572:+,CCTCCTCTCCTTCTACCTGCNGG,chr21,44067233,-,4,0.648269
chr21:20998572:+,CCTCCTCTCCTTCTACCTGCNGG,chr21,43317941,-,4,0.648269
chr21:20998572:+,CCTCCTCTCCTTCTACCTGCNGG,chr21,43306001,+,4,0.648269
chr21:20998574:+,TCCTCTCCTTCTACCTGCTGNGG,chr21,20998574,+,0,0.604144
chr21:20998574:+,TCCTCTCCTTCTACCTGCTGNGG,chr21,46264076,-,3,0.604144
chr21:20998574:+,TCCTCTCCTTCTACCTGCTGNGG,chr21,43971809,+,3,0.604144
chr21:20998574:+,TCCTCTCCTTCTACCTGCTGNGG,chr21,42312994,-,4,0.604144
chr21:20998574:+,TCCTCTCCTTCTACCTGCTGNGG,chr21,37449969,-,4,0.604144
chr21:20998574:+,TCCTCTCCTTCTACCTGCTGNGG,chr21,37965830,-,4,0.604144
chr21:20998574:+,TCCTCTCCTTCTACCTGCTGNGG,chr21,26844496,-,4,0.604144
chr21:20998574:+,TCCTCTCCTTCTACCTGCTGNGG,chr21,41821511,-,4,0.604144
chr21:20998574:+,TCCTCTCCTTCTACCTGCTGNGG,chr21,9567729,+,4,0.604144
chr21:20998573:+,CTCCTCTCCTTCTACCTGCTNGG,chr21,20998573,+,0,0.421180
chr21:20998573:+,CTCCTCTCCTTCTACCTGCTNGG,chr21,43971808,+,3,0.421180
chr21:20998573:+,CTCCTCTCCTTCTACCTGCTNGG,chr21,6053959,-,4,0.421180
chr21:20998573:+,CTCCTCTCCTTCTACCTGCTNGG,chr21,26844497,-,4,0.421180
chr21:20998573:+,CTCCTCTCCTTCTACCTGCTNGG,chr21,34893406,+,4,0.421180
chr21:20998573:+,CTCCTCTCCTTCTACCTGCTNGG,chr21,43484582,+,4,0.421180
chr21:20998573:+,CTCCTCTCCTTCTACCTGCTNGG,chr21,37126451,+,4,0.421180
chr21:20998573:+,CTCCTCTCCTTCTACCTGCTNGG,chr21,31182503,+,4,0.421180
chr21:20998573:+,CTCCTCTCCTTCTACCTGCTNGG,chr21,33216056,+,4,0.421180
chr21:20998573:+,CTCCTCTCCTTCTACCTGCTNGG,chr21,41536393,+,4,0.421180
chr21:20998580:-,AAGCAACCCCAGCAGGTAGANGG,chr21,20998580,-,0,0.778261
chr21:20998580:-,AAGCAACCCCAGCAGGTAGANGG,chr21,42713094,-,4,0.778261
chr21:20998580:-,AAGCAACCCCAGCAGGTAGANGG,chr21,34466839,-,4,0.778261
chr21:20998580:-,AAGCAACCCCAGCAGGTAGANGG,chr21,7836827,-,4,0.778261
chr21:20998580:-,AAGCAACCCCAGCAGGTAGANGG,chr21,40711267,-,4,0.778261
chr21:20998580:-,AAGCAACCCCAGCAGGTAGANGG,chr21,31952460,-,4,0.778261
chr21:20998580:-,AAGCAACCCCAGCAGGTAGANGG,chr21,15260403,+,4,0.778261
chr21:20998575:-,ACCCCAGCAGGTAGAAGGAGNGG,chr21,20998575,-,0,0.528150
chr21:20998575:-,ACCCCAGCAGGTAGAAGGAGNGG,chr21,43971810,-,4,0.528150
chr21:20998575:-,ACCCCAGCAGGTAGAAGGAGNGG,chr21,28113683,+,4,0.528150
chr21:20998575:-,ACCCCAGCAGGTAGAAGGAGNGG,chr21,41821510,+,4,0.528150
chr21:20998575:-,ACCCCAGCAGGTAGAAGGAGNGG,chr21,46264075,+,4,0.528150
chr21:20998591:+,CTGGGGTTGCTTGTCAGTAGNGG,chr21,20998591,+,0,0.903226
chr21:20998591:+,CTGGGGTTGCTTGTCAGTAGNGG,chr21,14772545,-,4,0.903226
chr21:20998587:-,TACTGACAAGCAACCCCAGCNGG,chr21,20998587,-,0,1.000000
chr21:20998592:+,TGGGGTTGCTTGTCAGTAGCNGG,chr21,20998592,+,0,1.000000
chr21:20998597:+,TTGCTTGTCAGTAGCGGGCANGG,chr21,20998597,+,0,1.000000
chr21:20998601:+,TTGTCAGTAGCGGGCAAGGTNGG,chr21,20998601,+,0,0.424021
chr21:20998601:+,TTGTCAGTAGCGGGCAAGGTNGG,chr21,8160068,-,4,0.424021
chr21:20998601:+,TTGTCAGTAGCGGGCAAGGTNGG,chr21,5761998,-,4,0.424021
chr21:20998601:+,TTGTCAGTAGCGGGCAAGGTNGG,chr21,5882582,-,4,0.424021
chr21:20998601:+,TTGTCAGTAGCGGGCAAGGTNGG,chr21,8343113,-,4,0.424021
chr21:20998601:+,TTGTCAGTAGCGGGCAAGGTNGG,chr21,7562457,+,4,0.424021
chr21:21292174:+,CAGATGTGAAGGAAGAGTGGNGG,chr21,21292174,+,0,0.454780
chr21:21292174:+,CAGATGTGAAGGAAGAGTGGNGG,chr21,42673236,-,4,0.454780
chr21:21292174:+,CAGATGTGAAGGAAGAGTGGNGG,chr21,34327611,-,4,0.454780
chr21:21292174:+,CAGATGTGAAGGAAGAGTGGNGG,chr21,27725611,-,4,0.454780
chr21:21292174:+,CAGATGTGAAGGAAGAGTGGNGG,chr21,23253634,-,4,0.454780
chr21:21292174:+,CAGATGTGAAGGAAGAGTGGNGG,chr21,18628358,-,4,0.454780
chr21:21292174:+,CAGATGTGAAGGAAGAGTGGNGG,chr21,31766544,+,4,0.454780
chr21:21292174:+,CAGATGTGAAGGAAGAGTGGNGG,chr21,14173107,+,4,0.454780
chr21:21292174:+,CAGATGTGAAGGAAGAGTGGNGG,chr21,44512366,+,4,0.454780
chr21:21292179:+,GTGAAGGAAGAGTGGAGGCCNGG,chr21,21292179,+,0,0.458060
chr21:21292179:+,GTGAAGGAAGAGTGGAGGCCNGG,chr21,13179958,-,3,0.458060
chr21:21292179:+,GTGAAGGAAGAGTGGAGGCCNGG,chr21,27868993,-,3,0.458060
chr21:21292179:+,GTGAAGGAAGAGTGGAGGCCNGG,chr21,44338689,-,4,0.458060
chr21:21292179:+,GTGAAGGAAGAGTGGAGGCCNGG,chr21,31142042,-,4,0.458060
chr21:21292179:+,GTGAAGGAAGAGTGGAGGCCNGG,chr21,36607131,-,4,0.458060
chr21:21292179:+,GTGAAGGAAGAGTGGAGGCCNGG,chr21,46072360,+,4,0.458060
chr21:21292179:+,GTGAAGGAAGAGTGGAGGCCNGG,chr21,36862795,+,4,0.458060
chr21:21292179:+,GTGAAGGAAGAGTGGAGGCCNGG,chr21,44899910,+,4,0.458060
chr21:21292180:+,TGAAGGAAGAGTGGAGGCCANGG,chr21,21292180,+,0,0.560651
chr21:21292180:+,TGAAGGAAGAGTGGAGGCCANGG,chr21,13179957,-,3,0.560651
chr21:21292180:+,TGAAGGAAGAGTGGAGGCCANGG,chr21,27868992,-,3,0.560651
chr21:21292180:+,TGAAGGAAGAGTGGAGGCCANGG,chr21,42868201,-,4,0.560651
chr21:21292180:+,TGAAGGAAGAGTGGAGGCCANGG,chr21,17088184,+,4,0.560651
chr21:21292180:+,TGAAGGAAGAGTGGAGGCCANGG,chr21,37847913,+,4,0.560651
chr21:21292180:+,TGAAGGAAGAGTGGAGGCCANGG,chr21,43944210,+,4,0.560651
chr21:21292180:+,TGAAGGAAGAGTGGAGGCCANGG,chr21,42721186,+,4,0.560651
chr21:21292197:-,ACGGAAGTCAATTTCTCCCCNGG,chr21,21292197,-,0,0.602573
chr21:21292197:-,ACGGAAGTCAATTTCTCCCCNGG,chr21,40873088,+,4,0.602573
chr21:21292197:-,ACGGAAGTCAATTTCTCCCCNGG,chr21,34333987,+,4,0.602573
chr21:21292197:-,ACGGAAGTCAATTTCTCCCCNGG,chr21,39449922,+,4,0.602573
chr21:21292181:+,GAAGGAAGAGTGGAGGCCAGNGG,chr21,21292181,+,0,0.359114
chr21:21292181:+,GAAGGAAGAGTGGAGGCCAGNGG,chr21,42721187,+,3,0.359114
chr21:21292181:+,GAAGGAAGAGTGGAGGCCAGNGG,chr21,37714210,-,4,0.359114
chr21:21292181:+,GAAGGAAGAGTGGAGGCCAGNGG,chr21,27450922,-,4,0.359114
chr21:21292181:+,GAAGGAAGAGTGGAGGCCAGNGG,chr21,45616397,-,4,0.359114
chr21:21292181:+,GAAGGAAGAGTGGAGGCCAGNGG,chr21,42218755,-,4,0.359114
chr21:21292181:+,GAAGGAAGAGTGGAGGCCAGNGG,chr21,34400667,-,4,0.359114
chr21:21292181:+,GAAGGAAGAGTGGAGGCCAGNGG,chr21,7770143,-,4,0.359114
chr21:21292181:+,GAAGGAAGAGTGGAGGCCAGNGG,chr21,42797703,-,4,0.359114
chr21:21292181:+,GAAGGAAGAGTGGAGGCCAGNGG,chr21,41479241,-,4,0.359114
chr21:21292181:+,GAAGGAAGAGTGGAGGCCAGNGG,chr21,14324178,+,4,0.359114
chr21:21292181:+,GAAGGAAGAGTGGAGGCCAGNGG,chr21,30681358,+,4,0.359114
chr21:21292220:+,GATATCATTGTTATTGTTAANGG,chr21,21292220,+,0,0.753658
chr21:21292220:+,GATATCATTGTTATTGTTAANGG,chr21,26484388,-,4,0.753658
chr21:21292220:+,GATATCATTGTTATTGTTAANGG,chr21,32118749,-,4,0.753658
chr21:21292220:+,GATATCATTGTTATTGTTAANGG,chr21,32548345,+,4,0.753658
chr21:21292220:+,GATATCATTGTTATTGTTAANGG,chr21,39166043,+,4,0.753658
chr21:21292216:-,TAACAATAACAATGATATCANGG,chr21,21292216,-,0,0.446069
chr21:21292216:-,TAACAATAACAATGATATCANGG,chr21,21642068,-,4,0.446069
chr21:21292216:-,TAACAATAACAATGATATCANGG,chr21,18793176,-,4,0.446069
chr21:21292216:-,TAACAATAACAATGATATCANGG,chr21,22242804,-,4,0.446069
chr21:21292216:-,TAACAATAACAATGATATCANGG,chr21,21333750,-,4,0.446069
chr21:21292216:-,TAACAATAACAATGATATCANGG,chr21,17233889,-,4,0.446069
chr21:21292216:-,TAACAATAACAATGATATCANGG,chr21,16195608,-,4,0.446069
chr21:21292216:-,TAACAATAACAATGATATCANGG,chr21,16488007,+,4,0.446069
chr21:21292216:-,TAACAATAACAATGATATCANGG,chr21,25462155,+,4,0.446069
chr21:21292216:-,TAACAATAACAATGATATCANGG,chr21,10009376,+,4,0.446069
chr21:21292216:-,TAACAATAACAATGATATCANGG,chr21,31701380,+,4,0.446069
chr21:21292216:-,TAACAATAACAATGATATCANGG,chr21,42114990,+,4,0.446069
chr21:21324385:-,TGAGGCATTGAGATTGCTGGNGG,chr21,21324385,-,0,0.471032
chr21:21324385:-,TGAGGCATTGAGATTGCTGGNGG,chr21,7009256,-,4,0.471032
chr21:21324385:-,TGAGGCATTGAGATTGCTGGNGG,chr21,6682186,-,4,0.471032
chr21:21324385:-,TGAGGCATTGAGATTGCTGGNGG,chr21,5514033,-,4,0.471032
chr21:21324385:-,TGAGGCATTGAGATTGCTGGNGG,chr21,7391034,-,4,0.471032
chr21:21324385:-,TGAGGCATTGAGATTGCTGGNGG,chr21,20011004,-,4,0.471032
chr21:21324385:-,TGAGGCATTGAGATTGCTGGNGG,chr21,31011638,-,4,0.471032
chr21:21324385:-,TGAGGCATTGAGATTGCTGGNGG,chr21,6306918,+,4,0.471032
chr21:21324376:-,GAGATTGCTGGCGGCACTGANGG,chr21,21324376,-,0,1.000000
chr21:21324403:-,GTGGCATTAAAAGATTTCTGNGG,chr21,21324403,-,0,0.588492
chr21:21324403:-,GTGGCATTAAAAGATTTCTGNGG,chr21,16925791,-,4,0.588492
chr21:21324403:-,GTGGCATTAAAAGATTTCTGNGG,chr21,10416254,-,4,0.588492
chr21:21324403:-,GTGGCATTAAAAGATTTCTGNGG,chr21,43168964,-,4,0.588492
chr21:21324403:-,GTGGCATTAAAAGATTTCTGNGG,chr21,6560647,-,4,0.588492
chr21:21324403:-,GTGGCATTAAAAGATTTCTGNGG,chr21,9753577,+,4,0.588492
chr21:21324388:-,TTCTGAGGCATTGAGATTGCNGG,chr21,21324388,-,0,0.787677
chr21:21324388:-,TTCTGAGGCATTGAGATTGCNGG,chr21,10587970,+,4,0.787677
chr21:21324388:-,TTCTGAGGCATTGAGATTGCNGG,chr21,9349131,+,4,0.787677
chr21:21324388:-,TTCTGAGGCATTGAGATTGCNGG,chr21,8782874,+,4,0.787677
chr21:21324415:+,TTTAATGCCACAGCAGAGAGNGG,chr21,21324415,+,0,0.683426
chr21:21324415:+,TTTAATGCCACAGCAGAGAGNGG,chr21,21249956,-,4,0.683426
chr21:21324415:+,TTTAATGCCACAGCAGAGAGNGG,chr21,33441301,+,4,0.683426
chr21:21324422:-,TTCTTCTCCTCTCTCTGCTGNGG,chr21,21324422,-,0,0.505846
chr21:21324422:-,TTCTTCTCCTCTCTCTGCTGNGG,chr21,36466997,-,3,0.505846
chr21:21324422:-,TTCTTCTCCTCTCTCTGCTGNGG,chr21,17203664,-,4,0.505846
chr21:21324422:-,TTCTTCTCCTCTCTCTGCTGNGG,chr21,39466630,-,4,0.505846
chr21:21324422:-,TTCTTCTCCTCTCTCTGCTGNGG,chr21,17667617,+,4,0.505846
chr21:21324441:+,AGAAATGACATTTTCCTGCANGG,chr21,21324441,+,0,0.723053
chr21:21324441:+,AGAAATGACATTTTCCTGCANGG,chr21,33534021,+,3,0.723053
chr21:21324441:+,AGAAATGACATTTTCCTGCANGG,chr21,16432520,+,4,0.723053
chr21:21324441:+,AGAAATGACATTTTCCTGCANGG,chr21,45251093,+,4,0.723053
chr21:21324440:+,AAGAAATGACATTTTCCTGCNGG,chr21,21324440,+,0,0.794674
chr21:21324440:+,AAGAAATGACATTTTCCTGCNGG,chr21,27891586,-,4,0.794674
chr21:21324440:+,AAGAAATGACATTTTCCTGCNGG,chr21,13202443,-,4,0.794674
chr21:21324440:+,AAGAAATGACATTTTCCTGCNGG,chr21,16692271,+,4,0.794674
chr21:21324440:+,AAGAAATGACATTTTCCTGCNGG,chr21,13636485,+,4,0.794674
chr21:21324440:+,AAGAAATGACATTTTCCTGCNGG,chr21,36671494,+,4,0.794674
chr21:21324455:-,TGGAGAGCCTGAGGCCCTGCNGG,chr21,21324455,-,0,0.522597
chr21:21324455:-,TGGAGAGCCTGAGGCCCTGCNGG,chr21,36479410,-,4,0.522597
chr21:21324455:-,TGGAGAGCCTGAGGCCCTGCNGG,chr21,43500611,-,4,0.522597
chr21:21324455:-,TGGAGAGCCTGAGGCCCTGCNGG,chr21,34634966,-,4,0.522597
chr21:21324455:-,TGGAGAGCCTGAGGCCCTGCNGG,chr21,37864626,+,4,0.522597
chr21:21324455:-,TGGAGAGCCTGAGGCCCTGCNGG,chr21,35515546,+,4,0.522597
chr21:21324455:-,TGGAGAGCCTGAGGCCCTGCNGG,chr21,6037933,+,4,0.522597
chr21:21324448:+,ACATTTTCCTGCAGGGCCTCNGG,chr21,21324448,+,0,0.581633
chr21:21324448:+,ACATTTTCCTGCAGGGCCTCNGG,chr21,46208887,-,3,0.581633
chr21:21324448:+,ACATTTTCCTGCAGGGCCTCNGG,chr21,13226508,-,3,0.581633
chr21:21324448:+,ACATTTTCCTGCAGGGCCTCNGG,chr21,22000954,+,3,0.581633
chr21:21324448:+,ACATTTTCCTGCAGGGCCTCNGG,chr21,43687811,-,4,0.581633
chr21:21324448:+,ACATTTTCCTGCAGGGCCTCNGG,chr21,27915286,-,4,0.581633
chr21:21324448:+,ACATTTTCCTGCAGGGCCTCNGG,chr21,17248245,-,4,0.581633
chr21:21324448:+,ACATTTTCCTGCAGGGCCTCNGG,chr21,14861034,+,4,0.581633
chr21:21324448:+,ACATTTTCCTGCAGGGCCTCNGG,chr21,17713080,+,4,0.581633
chr21:21324448:+,ACATTTTCCTGCAGGGCCTCNGG,chr21,33048357,+,4,0.581633
chr21:21324473:+,CTCCAGAACCCGCCATCTCCNGG,chr21,21324473,+,0,1.000000
chr21:21324464:-,GGCGGGTTCTGGAGAGCCTGNGG,chr21,21324464,-,0,0.595637
chr21:21324464:-,GGCGGGTTCTGGAGAGCCTGNGG,chr21,46370486,+,4,0.595637
chr21:21324464:-,GGCGGGTTCTGGAGAGCCTGNGG,chr21,32596923,+,4,0.595637
chr21:21324464:-,GGCGGGTTCTGGAGAGCCTGNGG,chr21,45374144,+,4,0.595637
chr21:21324479:+,AACCCGCCATCTCCTGGTTCNGG,chr21,21324479,+,0,0.925424
chr21:21324479:+,AACCCGCCATCTCCTGGTTCNGG,chr21,32034098,-,4,0.925424
chr21:21324475:-,AACCAGGAGATGGCGGGTTCNGG,chr21,21324475,-,0,0.764358
chr21:21324475:-,AACCAGGAGATGGCGGGTTCNGG,chr21,36531359,-,4,0.764358
chr21:21324475:-,AACCAGGAGATGGCGGGTTCNGG,chr21,40933801,+,4,0.764358
chr21:21324475:-,AACCAGGAGATGGCGGGTTCNGG,chr21,29482269,+,4,0.764358
chr21:21324482:-,CTACCTGAACCAGGAGATGGNGG,chr21,21324482,-,0,0.439411
chr21:21324482:-,CTACCTGAACCAGGAGATGGNGG,chr21,32034095,+,3,0.439411
chr21:21324482:-,CTACCTGAACCAGGAGATGGNGG,chr21,42294642,-,4,0.439411
chr21:21324482:-,CTACCTGAACCAGGAGATGGNGG,chr21,44594904,-,4,0.439411
chr21:21324482:-,CTACCTGAACCAGGAGATGGNGG,chr21,29118167,-,4,0.439411
chr21:21324482:-,CTACCTGAACCAGGAGATGGNGG,chr21,14010788,+,4,0.439411
chr21:21324482:-,CTACCTGAACCAGGAGATGGNGG,chr21,22394390,+,4,0.439411
chr21:21324482:-,CTACCTGAACCAGGAGATGGNGG,chr21,42980286,+,4,0.439411
chr21:21324482:-,CTACCTGAACCAGGAGATGGNGG,chr21,36997703,+,4,0.439411
chr21:21324482:-,CTACCTGAACCAGGAGATGGNGG,chr21,32821908,+,4,0.439411
chr21:21324481:-,TACCTGAACCAGGAGATGGCNGG,chr21,21324481,-,0,0.785450
chr21:21324481:-,TACCTGAACCAGGAGATGGCNGG,chr21,32034096,+,3,0.785450
chr21:21324481:-,TACCTGAACCAGGAGATGGCNGG,chr21,42152407,-,4,0.785450
chr21:21324481:-,TACCTGAACCAGGAGATGGCNGG,chr21,42252229,-,4,0.785450
chr21:21324481:-,TACCTGAACCAGGAGATGGCNGG,chr21,14533012,-,4,0.785450
chr21:21324481:-,TACCTGAACCAGGAGATGGCNGG,chr21,40612774,+,4,0.785450
chr21:21324485:-,AACCTACCTGAACCAGGAGANGG,chr21,21324485,-,0,0.736878
chr21:21324485:-,AACCTACCTGAACCAGGAGANGG,chr21,33037974,-,4,0.736878
chr21:21324485:-,AACCTACCTGAACCAGGAGANGG,chr21,32034092,+,4,0.736878
chr21:21324485:-,AACCTACCTGAACCAGGAGANGG,chr21,24348640,+,4,0.736878
chr21:21324483:+,CGCCATCTCCTGGTTCAGGTNGG,chr21,21324483,+,0,1.000000
chr21:21324491:-,GTGCATAACCTACCTGAACCNGG,chr21,21324491,-,0,1.000000
chr21:21335488:+,TCTTTTTTCTTCTTTAGGAANGG,chr21,21335488,+,0,0.188808
chr21:21335488:+,TCTTTTTTCTTCTTTAGGAANGG,chr21,39419029,+,2,0.188808
chr21:21335488:+,TCTTTTTTCTTCTTTAGGAANGG,chr21,40284039,+,2,0.188808
chr21:21335488:+,TCTTTTTTCTTCTTTAGGAANGG,chr21,22860516,-,3,0.188808
chr21:21335488:+,TCTTTTTTCTTCTTTAGGAANGG,chr21,42999483,+,3,0.188808
chr21:21335488:+,TCTTTTTTCTTCTTTAGGAANGG,chr21,39770899,+,3,0.188808
chr21:21335488:+,TCTTTTTTCTTCTTTAGGAANGG,chr21,30551559,+,3,0.188808
chr21:21335488:+,TCTTTTTTCTTCTTTAGGAANGG,chr21,33941733,-,4,0.188808
chr21:21335488:+,TCTTTTTTCTTCTTTAGGAANGG,chr21,35866624,-,4,0.188808
chr21:21335488:+,TCTTTTTTCTTCTTTAGGAANGG,chr21,40116689,-,4,0.188808
chr21:21335488:+,TCTTTTTTCTTCTTTAGGAANGG,chr21,24114574,-,4,0.188808
chr21:21335488:+,TCTTTTTTCTTCTTTAGGAANGG,chr21,36305045,-,4,0.188808
chr21:21335488:+,TCTTTTTTCTTCTTTAGGAANGG,chr21,25026393,-,4,0.188808
chr21:21335488:+,TCTTTTTTCTTCTTTAGGAANGG,chr21,37016822,-,4,0.188808
chr21:21335488:+,TCTTTTTTCTTCTTTAGGAANGG,chr21,31006636,-,4,0.188808
chr21:21335488:+,TCTTTTTTCTTCTTTAGGAANGG,chr21,14047937,-,4,0.188808
chr21:21335488:+,TCTTTTTTCTTCTTTAGGAANGG,chr21,16458793,-,4,0.188808
chr21:21335488:+,TCTTTTTTCTTCTTTAGGAANGG,chr21,22253603,-,4,0.188808
chr21:21335488:+,TCTTTTTTCTTCTTTAGGAANGG,chr21,24958740,-,4,0.188808
chr21:21335488:+,TCTTTTTTCTTCTTTAGGAANGG,chr21,31379515,-,4,0.188808
chr21:21335488:+,TCTTTTTTCTTCTTTAGGAANGG,chr21,20450735,-,4,0.188808
chr21:21335488:+,TCTTTTTTCTTCTTTAGGAANGG,chr21,43990206,-,4,0.188808
chr21:21335488:+,TCTTTTTTCTTCTTTAGGAANGG,chr21,28808405,-,4,0.188808
chr21:21335488:+,TCTTTTTTCTTCTTTAGGAANGG,chr21,30813483,-,4,0.188808
chr21:21335488:+,TCTTTTTTCTTCTTTAGGAANGG,chr21,31487373,+,4,0.188808
chr21:21335488:+,TCTTTTTTCTTCTTTAGGAANGG,chr21,22859926,+,4,0.188808
chr21:21335488:+,TCTTTTTTCTTCTTTAGGAANGG,chr21,31810849,+,4,0.188808
chr21:21335488:+,TCTTTTTTCTTCTTTAGGAANGG,chr21,20824258,+,4,0.188808
chr21:21335488:+,TCTTTTTTCTTCTTTAGGAANGG,chr21,14935514,+,4,0.188808
chr21:21335488:+,TCTTTTTTCTTCTTTAGGAANGG,chr21,31656712,+,4,0.188808
chr21:21335488:+,TCTTTTTTCTTCTTTAGGAANGG,chr21,39394878,+,4,0.188808
chr21:21335488:+,TCTTTTTTCTTCTTTAGGAANGG,chr21,19685223,+,4,0.188808
chr21:21335488:+,TCTTTTTTCTTCTTTAGGAANGG,chr21,31793115,+,4,0.188808
chr21:21335488:+,TCTTTTTTCTTCTTTAGGAANGG,chr21,25657102,+,4,0.188808
chr21:21335488:+,TCTTTTTTCTTCTTTAGGAANGG,chr21,14544054,+,4,0.188808
chr21:21335488:+,TCTTTTTTCTTCTTTAGGAANGG,chr21,33644828,+,4,0.188808
chr21:21335488:+,TCTTTTTTCTTCTTTAGGAANGG,chr21,31652923,+,4,0.188808
chr21:21335488:+,TCTTTTTTCTTCTTTAGGAANGG,chr21,37005244,+,4,0.188808
chr21:21335488:+,TCTTTTTTCTTCTTTAGGAANGG,chr21,17938480,+,4,0.188808
chr21:21335488:+,TCTTTTTTCTTCTTTAGGAANGG,chr21,23034071,+,4,0.188808
chr21:21335488:+,TCTTTTTTCTTCTTTAGGAANGG,chr21,16263981,+,4,0.188808
chr21:21335527:+,AATGAGAAGTACATATTGAANGG,chr21,21335527,+,0,0.861991
chr21:21335527:+,AATGAGAAGTACATATTGAANGG,chr21,27169043,-,3,0.861991
chr21:21335527:+,AATGAGAAGTACATATTGAANGG,chr21,24043627,-,4,0.861991
chr21:21335527:+,AATGAGAAGTACATATTGAANGG,chr21,42295896,-,4,0.861991
chr21:21335527:+,AATGAGAAGTACATATTGAANGG,chr21,37708450,+,4,0.861991
chr21:21335527:+,AATGAGAAGTACATATTGAANGG,chr21,30730941,+,4,0.861991
chr21:21335528:+,ATGAGAAGTACATATTGAAANGG,chr21,21335528,+,0,0.621525
chr21:21335528:+,ATGAGAAGTACATATTGAAANGG,chr21,10688134,-,4,0.621525
chr21:21335528:+,ATGAGAAGTACATATTGAAANGG,chr21,27169042,-,4,0.621525
chr21:21335528:+,ATGAGAAGTACATATTGAAANGG,chr21,10468580,-,4,0.621525
chr21:21335528:+,ATGAGAAGTACATATTGAAANGG,chr21,14387432,+,4,0.621525
chr21:21335552:+,GCAATACAGAACTCACTGTCNGG,chr21,21335552,+,0,1.000000
chr21:21335572:+,AGGAACATAATCAATAGTGANGG,chr21,21335572,+,0,0.579027
chr21:21335572:+,AGGAACATAATCAATAGTGANGG,chr21,24421283,-,4,0.579027
chr21:21335572:+,AGGAACATAATCAATAGTGANGG,chr21,30125313,-,4,0.579027
chr21:21335572:+,AGGAACATAATCAATAGTGANGG,chr21,33852201,+,4,0.579027
chr21:21335572:+,AGGAACATAATCAATAGTGANGG,chr21,31147473,+,4,0.579027
chr21:21335575:+,AACATAATCAATAGTGATGGNGG,chr21,21335575,+,0,0.632171
chr21:21335575:+,AACATAATCAATAGTGATGGNGG,chr21,44042010,-,4,0.632171
chr21:21335575:+,AACATAATCAATAGTGATGGNGG,chr21,34779550,+,4,0.632171
chr21:21335575:+,AACATAATCAATAGTGATGGNGG,chr21,16826362,+,4,0.632171
chr21:21335591:+,ATGGTGGTCCTTATGTCTGCNGG,chr21,21335591,+,0,0.863513
chr21:21335591:+,ATGGTGGTCCTTATGTCTGCNGG,chr21,8608458,-,4,0.863513
chr21:21335591:+,ATGGTGGTCCTTATGTCTGCNGG,chr21,38629184,-,4,0.863513
chr21:21335592:+,TGGTGGTCCTTATGTCTGCANGG,chr21,21335592,+,0,0.928571
chr21:21335592:+,TGGTGGTCCTTATGTCTGCANGG,chr21,17042320,-,4,0.928571
chr21:21335599:-,TTTGTGGCCCTGCAGACATANGG,chr21,21335599,-,0,0.947425
chr21:21335599:-,TTTGTGGCCCTGCAGACATANGG,chr21,33897301,+,3,0.947425
chr21:21335599:-,TTTGTGGCCCTGCAGACATANGG,chr21,24705225,-,4,0.947425
chr21:21335599:-,TTTGTGGCCCTGCAGACATANGG,chr21,42360639,-,4,0.947425
chr21:21335604:+,TGTCTGCAGGGCCACAAATANGG,chr21,21335604,+,0,0.983278
chr21:21335604:+,TGTCTGCAGGGCCACAAATANGG,chr21,38433277,+,4,0.983278
chr21:21335608:+,TGCAGGGCCACAAATAAGGCNGG,chr21,21335608,+,0,0.931247
chr21:21335608:+,TGCAGGGCCACAAATAAGGCNGG,chr21,15880678,-,4,0.931247
chr21:21335608:+,TGCAGGGCCACAAATAAGGCNGG,chr21,13987017,-,4,0.931247
chr21:21335608:+,TGCAGGGCCACAAATAAGGCNGG,chr21,8660640,-,4,0.931247
chr21:21335644:+,CAAGCTTTCCTCCAAGTCTTNGG,chr21,21335644,+,0,0.597086
chr21:21335644:+,CAAGCTTTCCTCCAAGTCTTNGG,chr21,42839057,-,4,0.597086
chr21:21335644:+,CAAGCTTTCCTCCAAGTCTTNGG,chr21,28748839,-,4,0.597086
chr21:21335644:+,CAAGCTTTCCTCCAAGTCTTNGG,chr21,21634066,+,4,0.597086
chr21:21335644:+,CAAGCTTTCCTCCAAGTCTTNGG,chr21,22912249,+,4,0.597086
chr21:21335644:+,CAAGCTTTCCTCCAAGTCTTNGG,chr21,33221505,+,4,0.597086
chr21:21335615:-,ATCTTCTCCTGCCTTATTTGNGG,chr21,21335615,-,0,0.985060
chr21:21335615:-,ATCTTCTCCTGCCTTATTTGNGG,chr21,33954953,-,4,0.985060
chr21:21335615:-,ATCTTCTCCTGCCTTATTTGNGG,chr21,20592214,+,4,0.985060
chr21:21335652:-,AATACTTACCAAAGACTTGGNGG,chr21,21335652,-,0,0.643001
chr21:21335652:-,AATACTTACCAAAGACTTGGNGG,chr21,33374892,-,4,0.643001
chr21:21335652:-,AATACTTACCAAAGACTTGGNGG,chr21,36827777,-,4,0.643001
chr21:21335652:-,AATACTTACCAAAGACTTGGNGG,chr21,9159784,-,4,0.643001
chr21:21335652:-,AATACTTACCAAAGACTTGGNGG,chr21,9295037,+,4,0.643001
chr21:21335655:-,TATAATACTTACCAAAGACTNGG,chr21,21335655,-,0,0.518953
chr21:21335655:-,TATAATACTTACCAAAGACTNGG,chr21,34683842,-,4,0.518953
chr21:21335655:-,TATAATACTTACCAAAGACTNGG,chr21,14893041,-,4,0.518953
chr21:21335655:-,TATAATACTTACCAAAGACTNGG,chr21,9970637,+,4,0.518953
chr21:21335655:-,TATAATACTTACCAAAGACTNGG,chr21,39047589,+,4,0.518953
chr21:21335655:-,TATAATACTTACCAAAGACTNGG,chr21,29804838,+,4,0.518953
chr21:21335655:-,TATAATACTTACCAAAGACTNGG,chr21,14794748,+,4,0.518953
chr21:21335655:-,TATAATACTTACCAAAGACTNGG,chr21,37815093,+,4,0.518953
chr21:21335655:-,TATAATACTTACCAAAGACTNGG,chr21,31105395,+,4,0.518953
chr21:21338415:+,AATGAAACTACATATGAGAANGG,chr21,21338415,+,0,0.386648
chr21:21338415:+,AATGAAACTACATATGAGAANGG,chr21,21341108,+,1,0.386648
chr21:21338415:+,AATGAAACTACATATGAGAANGG,chr21,32962706,-,4,0.386648
chr21:21338415:+,AATGAAACTACATATGAGAANGG,chr21,21725889,-,4,0.386648
chr21:21338415:+,AATGAAACTACATATGAGAANGG,chr21,26952270,-,4,0.386648
chr21:21338415:+,AATGAAACTACATATGAGAANGG,chr21,23539593,+,4,0.386648
chr21:21338415:+,AATGAAACTACATATGAGAANGG,chr21,21160425,+,4,0.386648
chr21:21338394:-,TTTTTAAGCTGTATTATGTGNGG,chr21,21338394,-,0,0.418275
chr21:21338394:-,TTTTTAAGCTGTATTATGTGNGG,chr21,21341087,-,1,0.418275
chr21:21338394:-,TTTTTAAGCTGTATTATGTGNGG,chr21,8763497,-,4,0.418275
chr21:21338394:-,TTTTTAAGCTGTATTATGTGNGG,chr21,38433404,-,4,0.418275
chr21:21338394:-,TTTTTAAGCTGTATTATGTGNGG,chr21,9125137,+,4,0.418275
chr21:21338394:-,TTTTTAAGCTGTATTATGTGNGG,chr21,42505817,+,4,0.418275
chr21:21338394:-,TTTTTAAGCTGTATTATGTGNGG,chr21,39647839,+,4,0.418275
chr21:21338445:+,ACACTCGTATGTGATGCGGANGG,chr21,21338445,+,0,0.721519
chr21:21338445:+,ACACTCGTATGTGATGCGGANGG,chr21,6907113,+,4,0.721519
chr21:21338445:+,ACACTCGTATGTGATGCGGANGG,chr21,13772161,+,4,0.721519
chr21:21338441:+,AGTCACACTCGTATGTGATGNGG,chr21,21338441,+,0,1.000000
chr21:21338447:+,ACTCGTATGTGATGCGGAAGNGG,chr21,21338447,+,0,1.000000
chr21:21338446:+,CACTCGTATGTGATGCGGAANGG,chr21,21338446,+,0,1.000000
chr21:21338470:+,AGCCTATTCCAGAAATCACTNGG,chr21,21338470,+,0,0.851064
chr21:21338470:+,AGCCTATTCCAGAAATCACTNGG,chr21,10083299,+,4,0.851064
chr21:21338472:-,TTCCAAGTGATTTCTGGAATNGG,chr21,21338472,-,0,0.921642
chr21:21338472:-,TTCCAAGTGATTTCTGGAATNGG,chr21,34554350,+,4,0.921642
chr21:21338478:-,GCTCTTTTCCAAGTGATTTCNGG,chr21,21338478,-,0,0.959700
chr21:21338478:-,GCTCTTTTCCAAGTGATTTCNGG,chr21,24457798,-,4,0.959700
chr21:21338478:-,GCTCTTTTCCAAGTGATTTCNGG,chr21,5146783,-,4,0.959700
chr21:21338478:-,GCTCTTTTCCAAGTGATTTCNGG,chr21,28856112,+,4,0.959700
chr21:21338478:-,GCTCTTTTCCAAGTGATTTCNGG,chr21,44115252,+,4,0.959700
chr21:21338483:+,AATCACTTGGAAAAGAGCTGNGG,chr21,21338483,+,0,0.449529
chr21:21338483:+,AATCACTTGGAAAAGAGCTGNGG,chr21,38003883,+,3,0.449529
chr21:21338483:+,AATCACTTGGAAAAGAGCTGNGG,chr21,6501227,-,4,0.449529
chr21:21338483:+,AATCACTTGGAAAAGAGCTGNGG,chr21,43109549,-,4,0.449529
chr21:21338483:+,AATCACTTGGAAAAGAGCTGNGG,chr21,38144162,-,4,0.449529
chr21:21338483:+,AATCACTTGGAAAAGAGCTGNGG,chr21,22022757,-,4,0.449529
chr21:21338483:+,AATCACTTGGAAAAGAGCTGNGG,chr21,30178077,-,4,0.449529
chr21:21338483:+,AATCACTTGGAAAAGAGCTGNGG,chr21,27125991,+,4,0.449529
chr21:21338483:+,AATCACTTGGAAAAGAGCTGNGG,chr21,45163381,+,4,0.449529
chr21:21338483:+,AATCACTTGGAAAAGAGCTGNGG,chr21,25757810,+,4,0.449529
chr21:21338483:+,AATCACTTGGAAAAGAGCTGNGG,chr21,19837344,+,4,0.449529
chr21:21338505:+,GATGGCTTCACGTTCACTGANGG,chr21,21338505,+,0,1.000000
chr21:21338487:+,ACTTGGAAAAGAGCTGTGGANGG,chr21,21338487,+,0,0.455886
chr21:21338487:+,ACTTGGAAAAGAGCTGTGGANGG,chr21,6503334,-,4,0.455886
chr21:21338487:+,ACTTGGAAAAGAGCTGTGGANGG,chr21,43111657,-,4,0.455886
chr21:21338487:+,ACTTGGAAAAGAGCTGTGGANGG,chr21,6040499,-,4,0.455886
chr21:21338487:+,ACTTGGAAAAGAGCTGTGGANGG,chr21,30271721,+,4,0.455886
chr21:21338487:+,ACTTGGAAAAGAGCTGTGGANGG,chr21,18583084,+,4,0.455886
chr21:21338487:+,ACTTGGAAAAGAGCTGTGGANGG,chr21,43498047,+,4,0.455886
chr21:21373847:+,GAATCGATGTAAACAGAGCCNGG,chr21,21373847,+,0,0.900000
chr21:21373847:+,GAATCGATGTAAACAGAGCCNGG,chr21,43958072,-,4,0.900000
chr21:21338513:+,CACGTTCACTGAAGGCGATANGG,chr21,21338513,+,0,1.000000
chr21:21373865:-,TGACTTCGATACGGCCGTCCNGG,chr21,21373865,-,0,1.000000
chr21:21373851:+,CGATGTAAACAGAGCCTGGANGG,chr21,21373851,+,0,1.000000
chr21:21373870:+,ACGGCCGTATCGAAGTCAAANGG,chr21,21373870,+,0,1.000000
chr21:21373869:+,GACGGCCGTATCGAAGTCAANGG,chr21,21373869,+,0,1.000000
chr21:21373878:+,ATCGAAGTCAAAGGGCAGCANGG,chr21,21373878,+,0,0.970625
chr21:21373878:+,ATCGAAGTCAAAGGGCAGCANGG,chr21,29728335,+,4,0.970625
chr21:21373874:-,GCTGCCCTTTGACTTCGATANGG,chr21,21373874,-,0,1.000000
chr21:21373924:+,ATGTGAAGTTGTCAGATTCANGG,chr21,21373924,+,0,0.842585
chr21:21373924:+,ATGTGAAGTTGTCAGATTCANGG,chr21,22112392,-,4,0.842585
chr21:21373924:+,ATGTGAAGTTGTCAGATTCANGG,chr21,14651059,-,4,0.842585
chr21:21373924:+,ATGTGAAGTTGTCAGATTCANGG,chr21,30364823,-,4,0.842585
chr21:21373923:+,GATGTGAAGTTGTCAGATTCNGG,chr21,21373923,+,0,0.760807
chr21:21373923:+,GATGTGAAGTTGTCAGATTCNGG,chr21,14651060,-,3,0.760807
chr21:21373923:+,GATGTGAAGTTGTCAGATTCNGG,chr21,39321039,-,4,0.760807
chr21:21373923:+,GATGTGAAGTTGTCAGATTCNGG,chr21,32824867,+,4,0.760807
chr21:21373923:+,GATGTGAAGTTGTCAGATTCNGG,chr21,14290625,+,4,0.760807
chr21:21373923:+,GATGTGAAGTTGTCAGATTCNGG,chr21,35518414,+,4,0.760807
chr21:21373959:+,GAAGCTGCAAGCAGAATTGGNGG,chr21,21373959,+,0,0.749294
chr21:21373959:+,GAAGCTGCAAGCAGAATTGGNGG,chr21,24995417,+,3,0.749294
chr21:21373959:+,GAAGCTGCAAGCAGAATTGGNGG,chr21,31689271,-,4,0.749294
chr21:21373959:+,GAAGCTGCAAGCAGAATTGGNGG,chr21,44494879,+,4,0.749294
chr21:21373959:+,GAAGCTGCAAGCAGAATTGGNGG,chr21,20721406,+,4,0.749294
chr21:21373959:+,GAAGCTGCAAGCAGAATTGGNGG,chr21,39398310,+,4,0.749294
chr21:21373956:+,TGTGAAGCTGCAAGCAGAATNGG,chr21,21373956,+,0,0.913954
chr21:21373956:+,TGTGAAGCTGCAAGCAGAATNGG,chr21,34809451,+,3,0.913954
chr21:21373956:+,TGTGAAGCTGCAAGCAGAATNGG,chr21,38734208,+,4,0.913954
chr21:21373956:+,TGTGAAGCTGCAAGCAGAATNGG,chr21,39097186,+,4,0.913954
chr21:21374000:-,GTAACTTACATTCAATATCANGG,chr21,21374000,-,0,0.846849
chr21:21374000:-,GTAACTTACATTCAATATCANGG,chr21,26293360,-,4,0.846849
chr21:21373960:+,AAGCTGCAAGCAGAATTGGANGG,chr21,21373960,+,0,0.781132
chr21:21373960:+,AAGCTGCAAGCAGAATTGGANGG,chr21,18132840,-,4,0.781132
chr21:21373960:+,AAGCTGCAAGCAGAATTGGANGG,chr21,42178503,-,4,0.781132
chr21:21410277:-,TTGGTTTGATATAAACTTGGNGG,chr21,21410277,-,0,0.767052
chr21:21410277:-,TTGGTTTGATATAAACTTGGNGG,chr21,31223063,-,4,0.767052
chr21:21410277:-,TTGGTTTGATATAAACTTGGNGG,chr21,41730364,+,4,0.767052
chr21:21410277:-,TTGGTTTGATATAAACTTGGNGG,chr21,41729383,+,4,0.767052
chr21:21410277:-,TTGGTTTGATATAAACTTGGNGG,chr21,21949304,+,4,0.767052
chr21:21410278:-,TTTGGTTTGATATAAACTTGNGG,chr21,21410278,-,0,0.315467
chr21:21410278:-,TTTGGTTTGATATAAACTTGNGG,chr21,18735313,+,3,0.315467
chr21:21410278:-,TTTGGTTTGATATAAACTTGNGG,chr21,41278561,+,3,0.315467
chr21:21410278:-,TTTGGTTTGATATAAACTTGNGG,chr21,14329026,-,4,0.315467
chr21:21410278:-,TTTGGTTTGATATAAACTTGNGG,chr21,8545205,-,4,0.315467
chr21:21410278:-,TTTGGTTTGATATAAACTTGNGG,chr21,38516616,-,4,0.315467
chr21:21410278:-,TTTGGTTTGATATAAACTTGNGG,chr21,16746098,-,4,0.315467
chr21:21410278:-,TTTGGTTTGATATAAACTTGNGG,chr21,15049412,-,4,0.315467
chr21:21410278:-,TTTGGTTTGATATAAACTTGNGG,chr21,15287981,-,4,0.315467
chr21:21410278:-,TTTGGTTTGATATAAACTTGNGG,chr21,42826770,-,4,0.315467
chr21:21410278:-,TTTGGTTTGATATAAACTTGNGG,chr21,15954057,+,4,0.315467
chr21:21410278:-,TTTGGTTTGATATAAACTTGNGG,chr21,26667833,+,4,0.315467
chr21:21410278:-,TTTGGTTTGATATAAACTTGNGG,chr21,16565132,+,4,0.315467
chr21:21410278:-,TTTGGTTTGATATAAACTTGNGG,chr21,17349626,+,4,0.315467
chr21:21410278:-,TTTGGTTTGATATAAACTTGNGG,chr21,34778190,+,4,0.315467
chr21:21410278:-,TTTGGTTTGATATAAACTTGNGG,chr21,39247602,+,4,0.315467
chr21:21410279:-,GTTTGGTTTGATATAAACTTNGG,chr21,21410279,-,0,0.565955
chr21:21410279:-,GTTTGGTTTGATATAAACTTNGG,chr21,15152491,-,3,0.565955
chr21:21410279:-,GTTTGGTTTGATATAAACTTNGG,chr21,19091380,-,4,0.565955
chr21:21410279:-,GTTTGGTTTGATATAAACTTNGG,chr21,16441855,+,4,0.565955
chr21:21410279:-,GTTTGGTTTGATATAAACTTNGG,chr21,41278560,+,4,0.565955
chr21:21410280:-,TGTTTGGTTTGATATAAACTNGG,chr21,21410280,-,0,0.700556
chr21:21410280:-,TGTTTGGTTTGATATAAACTNGG,chr21,17394097,-,4,0.700556
chr21:21410280:-,TGTTTGGTTTGATATAAACTNGG,chr21,15152492,-,4,0.700556
chr21:21410296:+,CCAAACAATTTATTACTCTTNGG,chr21,21410296,+,0,0.837609
chr21:21410296:+,CCAAACAATTTATTACTCTTNGG,chr21,29787929,-,4,0.837609
chr21:21410296:+,CCAAACAATTTATTACTCTTNGG,chr21,25908245,-,4,0.837609
chr21:21410296:+,CCAAACAATTTATTACTCTTNGG,chr21,28317685,-,4,0.837609
chr21:21410296:+,CCAAACAATTTATTACTCTTNGG,chr21,19583976,+,4,0.837609
chr21:21410295:+,ACCAAACAATTTATTACTCTNGG,chr21,21410295,+,0,0.980344
chr21:21410295:+,ACCAAACAATTTATTACTCTNGG,chr21,32297688,-,4,0.980344
chr21:21410295:+,ACCAAACAATTTATTACTCTNGG,chr21,30037729,+,4,0.980344
chr21:21410296:-,CCCAAGAGTAATAAATTGTTNGG,chr21,21410296,-,0,0.892384
chr21:21410296:-,CCCAAGAGTAATAAATTGTTNGG,chr21,29787929,+,3,0.892384
chr21:21410300:+,ACAATTTATTACTCTTGGGANGG,chr21,21410300,+,0,0.550935
chr21:21410300:+,ACAATTTATTACTCTTGGGANGG,chr21,42384451,-,3,0.550935
chr21:21410300:+,ACAATTTATTACTCTTGGGANGG,chr21,9157263,-,4,0.550935
chr21:21410300:+,ACAATTTATTACTCTTGGGANGG,chr21,27466013,-,4,0.550935
chr21:21410300:+,ACAATTTATTACTCTTGGGANGG,chr21,8423143,+,4,0.550935
chr21:21410300:+,ACAATTTATTACTCTTGGGANGG,chr21,8240119,+,4,0.550935
chr21:21410300:+,ACAATTTATTACTCTTGGGANGG,chr21,8467703,+,4,0.550935
chr21:21410327:-,ACATCACAACTTATATTGATNGG,chr21,21410327,-,0,0.987014
chr21:21410327:-,ACATCACAACTTATATTGATNGG,chr21,19735003,-,4,0.987014
