chr	start	stop	id,sequence,pam,chromosome,position,sense	context	strand	tscripts	id
chr21	20998563	20998564	chr21:20998557:-,AGAGGAGGAGGCTCATGTTC,NGG,chr21,20998557,-	GAAGGAGAGGAGGAGGCTCATGTTCAGGAC	-	ENST00000400546.6	chr21:20998557:-
chr21	20998575	20998576	chr21:20998569:-,GCAGGTAGAAGGAGAGGAGG,NGG,chr21,20998569,-	CCCCAGCAGGTAGAAGGAGAGGAGGAGGCT	-	ENST00000400546.6	chr21:20998569:-
chr21	20998588	20998589	chr21:20998572:+,CCTCCTCTCCTTCTACCTGC,NGG,chr21,20998572,+	AGCCTCCTCCTCTCCTTCTACCTGCTGGGG	+	ENST00000400546.6	chr21:20998572:+
chr21	20998578	20998579	chr21:20998572:-,CCAGCAGGTAGAAGGAGAGG,NGG,chr21,20998572,-	CAACCCCAGCAGGTAGAAGGAGAGGAGGAG	-	ENST00000400546.6	chr21:20998572:-
chr21	20998589	20998590	chr21:20998573:+,CTCCTCTCCTTCTACCTGCT,NGG,chr21,20998573,+	GCCTCCTCCTCTCCTTCTACCTGCTGGGGT	+	ENST00000400546.6	chr21:20998573:+
chr21	20998590	20998591	chr21:20998574:+,TCCTCTCCTTCTACCTGCTG,NGG,chr21,20998574,+	CCTCCTCCTCTCCTTCTACCTGCTGGGGTT	+	ENST00000400546.6	chr21:20998574:+
chr21	20998581	20998582	chr21:20998575:-,ACCCCAGCAGGTAGAAGGAG,NGG,chr21,20998575,-	AAGCAACCCCAGCAGGTAGAAGGAGAGGAG	-	ENST00000400546.6	chr21:20998575:-
chr21	20998586	20998587	chr21:20998580:-,AAGCAACCCCAGCAGGTAGA,NGG,chr21,20998580,-	CTGACAAGCAACCCCAGCAGGTAGAAGGAG	-	ENST00000400546.6	chr21:20998580:-
chr21	20998593	20998594	chr21:20998587:-,TACTGACAAGCAACCCCAGC,NGG,chr21,20998587,-	CCCGCTACTGACAAGCAACCCCAGCAGGTA	-	ENST00000400546.6	chr21:20998587:-
chr21	20998607	20998608	chr21:20998591:+,CTGGGGTTGCTTGTCAGTAG,NGG,chr21,20998591,+	ACCTGCTGGGGTTGCTTGTCAGTAGCGGGC	+	ENST00000400546.6	chr21:20998591:+
chr21	20998608	20998609	chr21:20998592:+,TGGGGTTGCTTGTCAGTAGC,NGG,chr21,20998592,+	CCTGCTGGGGTTGCTTGTCAGTAGCGGGCA	+	ENST00000400546.6	chr21:20998592:+
chr21	20998613	20998614	chr21:20998597:+,TTGCTTGTCAGTAGCGGGCA,NGG,chr21,20998597,+	TGGGGTTGCTTGTCAGTAGCGGGCAAGGTA	+	ENST00000400546.6	chr21:20998597:+
chr21	20998617	20998618	chr21:20998601:+,TTGTCAGTAGCGGGCAAGGT,NGG,chr21,20998601,+	GTTGCTTGTCAGTAGCGGGCAAGGTAGGAG	+	ENST00000400546.6	chr21:20998601:+
chr21	21292190	21292191	chr21:21292174:+,CAGATGTGAAGGAAGAGTGG,NGG,chr21,21292174,+	ATATACAGATGTGAAGGAAGAGTGGAGGCC	+	ENST00000400546.6,ENST00000284894.8	chr21:21292174:+
chr21	21292195	21292196	chr21:21292179:+,GTGAAGGAAGAGTGGAGGCC,NGG,chr21,21292179,+	CAGATGTGAAGGAAGAGTGGAGGCCAGGGG	+	ENST00000400546.6,ENST00000284894.8	chr21:21292179:+
chr21	21292196	21292197	chr21:21292180:+,TGAAGGAAGAGTGGAGGCCA,NGG,chr21,21292180,+	AGATGTGAAGGAAGAGTGGAGGCCAGGGGA	+	ENST00000400546.6,ENST00000284894.8	chr21:21292180:+
chr21	21292197	21292198	chr21:21292181:+,GAAGGAAGAGTGGAGGCCAG,NGG,chr21,21292181,+	GATGTGAAGGAAGAGTGGAGGCCAGGGGAG	+	ENST00000400546.6,ENST00000284894.8	chr21:21292181:+
chr21	21292203	21292204	chr21:21292197:-,ACGGAAGTCAATTTCTCCCC,NGG,chr21,21292197,-	ATATCACGGAAGTCAATTTCTCCCCTGGCC	-	ENST00000400546.6,ENST00000284894.8	chr21:21292197:-
chr21	21292222	21292223	chr21:21292216:-,TAACAATAACAATGATATCA,NGG,chr21,21292216,-	ACCATTAACAATAACAATGATATCACGGAA	-	ENST00000400546.6,ENST00000284894.8	chr21:21292216:-
chr21	21292236	21292237	chr21:21292220:+,GATATCATTGTTATTGTTAA,NGG,chr21,21292220,+	TCCGTGATATCATTGTTATTGTTAATGGTA	+	ENST00000400546.6,ENST00000284894.8	chr21:21292220:+
chr21	21324382	21324383	chr21:21324376:-,GAGATTGCTGGCGGCACTGA,NGG,chr21,21324376,-	GCATTGAGATTGCTGGCGGCACTGAAGGAG	-	ENST00000400546.6,ENST00000284894.8	chr21:21324376:-
chr21	21324391	21324392	chr21:21324385:-,TGAGGCATTGAGATTGCTGG,NGG,chr21,21324385,-	ATTTCTGAGGCATTGAGATTGCTGGCGGCA	-	ENST00000400546.6,ENST00000284894.8	chr21:21324385:-
chr21	21324394	21324395	chr21:21324388:-,TTCTGAGGCATTGAGATTGC,NGG,chr21,21324388,-	AAGATTTCTGAGGCATTGAGATTGCTGGCG	-	ENST00000400546.6,ENST00000284894.8	chr21:21324388:-
chr21	21324409	21324410	chr21:21324403:-,GTGGCATTAAAAGATTTCTG,NGG,chr21,21324403,-	CTGCTGTGGCATTAAAAGATTTCTGAGGCA	-	ENST00000400546.6,ENST00000284894.8	chr21:21324403:-
chr21	21324431	21324432	chr21:21324415:+,TTTAATGCCACAGCAGAGAG,NGG,chr21,21324415,+	AATCTTTTAATGCCACAGCAGAGAGAGGAG	+	ENST00000400546.6,ENST00000284894.8	chr21:21324415:+
chr21	21324428	21324429	chr21:21324422:-,TTCTTCTCCTCTCTCTGCTG,NGG,chr21,21324422,-	GTCATTTCTTCTCCTCTCTCTGCTGTGGCA	-	ENST00000400546.6,ENST00000284894.8	chr21:21324422:-
chr21	21324456	21324457	chr21:21324440:+,AAGAAATGACATTTTCCTGC,NGG,chr21,21324440,+	AGGAGAAGAAATGACATTTTCCTGCAGGGC	+	ENST00000400546.6,ENST00000284894.8	chr21:21324440:+
chr21	21324457	21324458	chr21:21324441:+,AGAAATGACATTTTCCTGCA,NGG,chr21,21324441,+	GGAGAAGAAATGACATTTTCCTGCAGGGCC	+	ENST00000400546.6,ENST00000284894.8	chr21:21324441:+
chr21	21324464	21324465	chr21:21324448:+,ACATTTTCCTGCAGGGCCTC,NGG,chr21,21324448,+	AAATGACATTTTCCTGCAGGGCCTCAGGCT	+	ENST00000400546.6,ENST00000284894.8	chr21:21324448:+
chr21	21324461	21324462	chr21:21324455:-,TGGAGAGCCTGAGGCCCTGC,NGG,chr21,21324455,-	GGTTCTGGAGAGCCTGAGGCCCTGCAGGAA	-	ENST00000400546.6,ENST00000284894.8	chr21:21324455:-
chr21	21324470	21324471	chr21:21324464:-,GGCGGGTTCTGGAGAGCCTG,NGG,chr21,21324464,-	GAGATGGCGGGTTCTGGAGAGCCTGAGGCC	-	ENST00000400546.6,ENST00000284894.8	chr21:21324464:-
chr21	21324489	21324490	chr21:21324473:+,CTCCAGAACCCGCCATCTCC,NGG,chr21,21324473,+	AGGCTCTCCAGAACCCGCCATCTCCTGGTT	+	ENST00000400546.6,ENST00000284894.8	chr21:21324473:+
chr21	21324481	21324482	chr21:21324475:-,AACCAGGAGATGGCGGGTTC,NGG,chr21,21324475,-	ACCTGAACCAGGAGATGGCGGGTTCTGGAG	-	ENST00000400546.6,ENST00000284894.8	chr21:21324475:-
chr21	21324495	21324496	chr21:21324479:+,AACCCGCCATCTCCTGGTTC,NGG,chr21,21324479,+	TCCAGAACCCGCCATCTCCTGGTTCAGGTA	+	ENST00000400546.6,ENST00000284894.8	chr21:21324479:+
chr21	21324487	21324488	chr21:21324481:-,TACCTGAACCAGGAGATGGC,NGG,chr21,21324481,-	TAACCTACCTGAACCAGGAGATGGCGGGTT	-	ENST00000400546.6,ENST00000284894.8	chr21:21324481:-
chr21	21324488	21324489	chr21:21324482:-,CTACCTGAACCAGGAGATGG,NGG,chr21,21324482,-	ATAACCTACCTGAACCAGGAGATGGCGGGT	-	ENST00000400546.6,ENST00000284894.8	chr21:21324482:-
chr21	21324499	21324500	chr21:21324483:+,CGCCATCTCCTGGTTCAGGT,NGG,chr21,21324483,+	GAACCCGCCATCTCCTGGTTCAGGTAGGTT	+	ENST00000400546.6,ENST00000284894.8	chr21:21324483:+
chr21	21324491	21324492	chr21:21324485:-,AACCTACCTGAACCAGGAGA,NGG,chr21,21324485,-	TGCATAACCTACCTGAACCAGGAGATGGCG	-	ENST00000400546.6,ENST00000284894.8	chr21:21324485:-
chr21	21324497	21324498	chr21:21324491:-,GTGCATAACCTACCTGAACC,NGG,chr21,21324491,-	GGGGGGTGCATAACCTACCTGAACCAGGAG	-	ENST00000400546.6,ENST00000284894.8	chr21:21324491:-
chr21	21335504	21335505	chr21:21335488:+,TCTTTTTTCTTCTTTAGGAA,NGG,chr21,21335488,+	GAACCTCTTTTTTCTTCTTTAGGAATGGCA	+	ENST00000400546.6,ENST00000284894.8	chr21:21335488:+
chr21	21335543	21335544	chr21:21335527:+,AATGAGAAGTACATATTGAA,NGG,chr21,21335527,+	AAGAAAATGAGAAGTACATATTGAAAGGGA	+	ENST00000400546.6,ENST00000284894.8	chr21:21335527:+
chr21	21335544	21335545	chr21:21335528:+,ATGAGAAGTACATATTGAAA,NGG,chr21,21335528,+	AGAAAATGAGAAGTACATATTGAAAGGGAG	+	ENST00000400546.6,ENST00000284894.8	chr21:21335528:+
chr21	21335568	21335569	chr21:21335552:+,GCAATACAGAACTCACTGTC,NGG,chr21,21335552,+	AGGGAGCAATACAGAACTCACTGTCAGGAA	+	ENST00000400546.6,ENST00000284894.8	chr21:21335552:+
chr21	21335588	21335589	chr21:21335572:+,AGGAACATAATCAATAGTGA,NGG,chr21,21335572,+	CTGTCAGGAACATAATCAATAGTGATGGTG	+	ENST00000400546.6,ENST00000284894.8	chr21:21335572:+
chr21	21335591	21335592	chr21:21335575:+,AACATAATCAATAGTGATGG,NGG,chr21,21335575,+	TCAGGAACATAATCAATAGTGATGGTGGTC	+	ENST00000400546.6,ENST00000284894.8	chr21:21335575:+
chr21	21335607	21335608	chr21:21335591:+,ATGGTGGTCCTTATGTCTGC,NGG,chr21,21335591,+	TAGTGATGGTGGTCCTTATGTCTGCAGGGC	+	ENST00000400546.6,ENST00000284894.8	chr21:21335591:+
chr21	21335608	21335609	chr21:21335592:+,TGGTGGTCCTTATGTCTGCA,NGG,chr21,21335592,+	AGTGATGGTGGTCCTTATGTCTGCAGGGCC	+	ENST00000400546.6,ENST00000284894.8	chr21:21335592:+
chr21	21335605	21335606	chr21:21335599:-,TTTGTGGCCCTGCAGACATA,NGG,chr21,21335599,-	CCTTATTTGTGGCCCTGCAGACATAAGGAC	-	ENST00000400546.6,ENST00000284894.8	chr21:21335599:-
chr21	21335620	21335621	chr21:21335604:+,TGTCTGCAGGGCCACAAATA,NGG,chr21,21335604,+	CCTTATGTCTGCAGGGCCACAAATAAGGCA	+	ENST00000400546.6,ENST00000284894.8	chr21:21335604:+
chr21	21335624	21335625	chr21:21335608:+,TGCAGGGCCACAAATAAGGC,NGG,chr21,21335608,+	ATGTCTGCAGGGCCACAAATAAGGCAGGAG	+	ENST00000400546.6,ENST00000284894.8	chr21:21335608:+
chr21	21335621	21335622	chr21:21335615:-,ATCTTCTCCTGCCTTATTTG,NGG,chr21,21335615,-	TTTTCATCTTCTCCTGCCTTATTTGTGGCC	-	ENST00000400546.6,ENST00000284894.8	chr21:21335615:-
chr21	21335660	21335661	chr21:21335644:+,CAAGCTTTCCTCCAAGTCTT,NGG,chr21,21335644,+	AAAAGCAAGCTTTCCTCCAAGTCTTTGGTA	+	ENST00000400546.6,ENST00000284894.8	chr21:21335644:+
chr21	21335658	21335659	chr21:21335652:-,AATACTTACCAAAGACTTGG,NGG,chr21,21335652,-	GCTATAATACTTACCAAAGACTTGGAGGAA	-	ENST00000400546.6,ENST00000284894.8	chr21:21335652:-
chr21	21335661	21335662	chr21:21335655:-,TATAATACTTACCAAAGACT,NGG,chr21,21335655,-	TATGCTATAATACTTACCAAAGACTTGGAG	-	ENST00000400546.6,ENST00000284894.8	chr21:21335655:-
chr21	21338400	21338401	chr21:21338394:-,TTTTTAAGCTGTATTATGTG,NGG,chr21,21338394,-	TTTCATTTTTAAGCTGTATTATGTGAGGCT	-	ENST00000400546.6,ENST00000284894.8	chr21:21338394:-
chr21	21338431	21338432	chr21:21338415:+,AATGAAACTACATATGAGAA,NGG,chr21,21338415,+	TTAAAAATGAAACTACATATGAGAATGGTC	+	ENST00000400546.6,ENST00000284894.8	chr21:21338415:+
chr21	21338457	21338458	chr21:21338441:+,AGTCACACTCGTATGTGATG,NGG,chr21,21338441,+	GGTCAAGTCACACTCGTATGTGATGCGGAA	+	ENST00000400546.6,ENST00000284894.8	chr21:21338441:+
chr21	21338461	21338462	chr21:21338445:+,ACACTCGTATGTGATGCGGA,NGG,chr21,21338445,+	AAGTCACACTCGTATGTGATGCGGAAGGGG	+	ENST00000400546.6,ENST00000284894.8	chr21:21338445:+
chr21	21338462	21338463	chr21:21338446:+,CACTCGTATGTGATGCGGAA,NGG,chr21,21338446,+	AGTCACACTCGTATGTGATGCGGAAGGGGA	+	ENST00000400546.6,ENST00000284894.8	chr21:21338446:+
chr21	21338463	21338464	chr21:21338447:+,ACTCGTATGTGATGCGGAAG,NGG,chr21,21338447,+	GTCACACTCGTATGTGATGCGGAAGGGGAG	+	ENST00000400546.6,ENST00000284894.8	chr21:21338447:+
chr21	21338486	21338487	chr21:21338470:+,AGCCTATTCCAGAAATCACT,NGG,chr21,21338470,+	AGGGGAGCCTATTCCAGAAATCACTTGGAA	+	ENST00000400546.6,ENST00000284894.8	chr21:21338470:+
chr21	21338478	21338479	chr21:21338472:-,TTCCAAGTGATTTCTGGAAT,NGG,chr21,21338472,-	CTCTTTTCCAAGTGATTTCTGGAATAGGCT	-	ENST00000400546.6,ENST00000284894.8	chr21:21338472:-
chr21	21338484	21338485	chr21:21338478:-,GCTCTTTTCCAAGTGATTTC,NGG,chr21,21338478,-	CCACAGCTCTTTTCCAAGTGATTTCTGGAA	-	ENST00000400546.6,ENST00000284894.8	chr21:21338478:-
chr21	21338499	21338500	chr21:21338483:+,AATCACTTGGAAAAGAGCTG,NGG,chr21,21338483,+	CCAGAAATCACTTGGAAAAGAGCTGTGGAT	+	ENST00000400546.6,ENST00000284894.8	chr21:21338483:+
chr21	21338503	21338504	chr21:21338487:+,ACTTGGAAAAGAGCTGTGGA,NGG,chr21,21338487,+	AAATCACTTGGAAAAGAGCTGTGGATGGCT	+	ENST00000400546.6,ENST00000284894.8	chr21:21338487:+
chr21	21338521	21338522	chr21:21338505:+,GATGGCTTCACGTTCACTGA,NGG,chr21,21338505,+	CTGTGGATGGCTTCACGTTCACTGAAGGCG	+	ENST00000400546.6,ENST00000284894.8	chr21:21338505:+
chr21	21338529	21338530	chr21:21338513:+,CACGTTCACTGAAGGCGATA,NGG,chr21,21338513,+	GGCTTCACGTTCACTGAAGGCGATAAGGTA	+	ENST00000400546.6,ENST00000284894.8	chr21:21338513:+
chr21	21373863	21373864	chr21:21373847:+,GAATCGATGTAAACAGAGCC,NGG,chr21,21373847,+	TTCCTGAATCGATGTAAACAGAGCCTGGAC	+	ENST00000400546.6,ENST00000284894.8	chr21:21373847:+
chr21	21373867	21373868	chr21:21373851:+,CGATGTAAACAGAGCCTGGA,NGG,chr21,21373851,+	TGAATCGATGTAAACAGAGCCTGGACGGCC	+	ENST00000400546.6,ENST00000284894.8	chr21:21373851:+
chr21	21373871	21373872	chr21:21373865:-,TGACTTCGATACGGCCGTCC,NGG,chr21,21373865,-	CCCTTTGACTTCGATACGGCCGTCCAGGCT	-	ENST00000400546.6,ENST00000284894.8	chr21:21373865:-
chr21	21373885	21373886	chr21:21373869:+,GACGGCCGTATCGAAGTCAA,NGG,chr21,21373869,+	GCCTGGACGGCCGTATCGAAGTCAAAGGGC	+	ENST00000400546.6,ENST00000284894.8	chr21:21373869:+
chr21	21373886	21373887	chr21:21373870:+,ACGGCCGTATCGAAGTCAAA,NGG,chr21,21373870,+	CCTGGACGGCCGTATCGAAGTCAAAGGGCA	+	ENST00000400546.6,ENST00000284894.8	chr21:21373870:+
chr21	21373880	21373881	chr21:21373874:-,GCTGCCCTTTGACTTCGATA,NGG,chr21,21373874,-	TCCATGCTGCCCTTTGACTTCGATACGGCC	-	ENST00000400546.6,ENST00000284894.8	chr21:21373874:-
chr21	21373894	21373895	chr21:21373878:+,ATCGAAGTCAAAGGGCAGCA,NGG,chr21,21373878,+	GCCGTATCGAAGTCAAAGGGCAGCATGGAA	+	ENST00000400546.6,ENST00000284894.8	chr21:21373878:+
chr21	21373939	21373940	chr21:21373923:+,GATGTGAAGTTGTCAGATTC,NGG,chr21,21373923,+	TTAAAGATGTGAAGTTGTCAGATTCAGGGA	+	ENST00000400546.6,ENST00000284894.8	chr21:21373923:+
chr21	21373940	21373941	chr21:21373924:+,ATGTGAAGTTGTCAGATTCA,NGG,chr21,21373924,+	TAAAGATGTGAAGTTGTCAGATTCAGGGAG	+	ENST00000400546.6,ENST00000284894.8	chr21:21373924:+
chr21	21373972	21373973	chr21:21373956:+,TGTGAAGCTGCAAGCAGAAT,NGG,chr21,21373956,+	ATGACTGTGAAGCTGCAAGCAGAATTGGAG	+	ENST00000400546.6,ENST00000284894.8	chr21:21373956:+
chr21	21373975	21373976	chr21:21373959:+,GAAGCTGCAAGCAGAATTGG,NGG,chr21,21373959,+	ACTGTGAAGCTGCAAGCAGAATTGGAGGGC	+	ENST00000400546.6,ENST00000284894.8	chr21:21373959:+
chr21	21373976	21373977	chr21:21373960:+,AAGCTGCAAGCAGAATTGGA,NGG,chr21,21373960,+	CTGTGAAGCTGCAAGCAGAATTGGAGGGCA	+	ENST00000400546.6,ENST00000284894.8	chr21:21373960:+
chr21	21374006	21374007	chr21:21374000:-,GTAACTTACATTCAATATCA,NGG,chr21,21374000,-	GGAAAGTAACTTACATTCAATATCAAGGTA	-	ENST00000400546.6,ENST00000284894.8	chr21:21374000:-
chr21	21410283	21410284	chr21:21410277:-,TTGGTTTGATATAAACTTGG,NGG,chr21,21410277,-	ATTGTTTGGTTTGATATAAACTTGGGGGCA	-	ENST00000400546.6,ENST00000284894.8	chr21:21410277:-
chr21	21410284	21410285	chr21:21410278:-,TTTGGTTTGATATAAACTTG,NGG,chr21,21410278,-	AATTGTTTGGTTTGATATAAACTTGGGGGC	-	ENST00000400546.6,ENST00000284894.8	chr21:21410278:-
chr21	21410285	21410286	chr21:21410279:-,GTTTGGTTTGATATAAACTT,NGG,chr21,21410279,-	AAATTGTTTGGTTTGATATAAACTTGGGGG	-	ENST00000400546.6,ENST00000284894.8	chr21:21410279:-
chr21	21410286	21410287	chr21:21410280:-,TGTTTGGTTTGATATAAACT,NGG,chr21,21410280,-	TAAATTGTTTGGTTTGATATAAACTTGGGG	-	ENST00000400546.6,ENST00000284894.8	chr21:21410280:-
chr21	21410311	21410312	chr21:21410295:+,ACCAAACAATTTATTACTCT,NGG,chr21,21410295,+	ATCAAACCAAACAATTTATTACTCTTGGGA	+	ENST00000400546.6,ENST00000284894.8	chr21:21410295:+
chr21	21410312	21410313	chr21:21410296:+,CCAAACAATTTATTACTCTT,NGG,chr21,21410296,+	TCAAACCAAACAATTTATTACTCTTGGGAA	+	ENST00000400546.6,ENST00000284894.8	chr21:21410296:+
chr21	21410302	21410303	chr21:21410296:-,CCCAAGAGTAATAAATTGTT,NGG,chr21,21410296,-	TCCTTCCCAAGAGTAATAAATTGTTTGGTT	-	ENST00000400546.6,ENST00000284894.8	chr21:21410296:-
chr21	21410316	21410317	chr21:21410300:+,ACAATTTATTACTCTTGGGA,NGG,chr21,21410300,+	ACCAAACAATTTATTACTCTTGGGAAGGAA	+	ENST00000400546.6,ENST00000284894.8	chr21:21410300:+
chr21	21410333	21410334	chr21:21410327:-,ACATCACAACTTATATTGAT,NGG,chr21,21410327,-	ATTTCACATCACAACTTATATTGATAGGAT	-	ENST00000400546.6,ENST00000284894.8	chr21:21410327:-
